iteration,amplitude_in,amplitude_next,ip_a,ip_error_a,ip_error_rel,bootstrap_change_rel,q_change_rel,amplitude_change_rel,converged,artifact_dir,eqdsk_path
0,1.0,1.0,790227.9333,45837.43330000003,0.06157713364154974,,,0.0,False,/pscratch/sd/j/joeschm/cheaseBS_runs/20260901_16-42-46-Te_ped_scale_1.100/iteration_00/artifacts,/pscratch/sd/j/joeschm/cheaseBS_runs/20260901_16-42-46-Te_ped_scale_1.100/iteration_00/artifacts/EQDSK_COCOS_02_POS_SOURCE_SIGNS.OUT
1,1.0,1.0,790322.841,45932.341000000015,0.0617046308355628,1.4039276438958413e-05,9.312446453546291e-05,0.0,False,/pscratch/sd/j/joeschm/cheaseBS_runs/20260901_16-42-46-Te_ped_scale_1.100/iteration_01/artifacts,/pscratch/sd/j/joeschm/cheaseBS_runs/20260901_16-42-46-Te_ped_scale_1.100/iteration_01/artifacts/EQDSK_COCOS_02_POS_SOURCE_SIGNS.OUT
2,1.0,1.0,790411.9853,46021.48529999994,0.06182438558794066,9.646186716501666e-06,9.467989312358284e-05,0.0,False,/pscratch/sd/j/joeschm/cheaseBS_runs/20260901_16-42-46-Te_ped_scale_1.100/iteration_02/artifacts,/pscratch/sd/j/joeschm/cheaseBS_runs/20260901_16-42-46-Te_ped_scale_1.100/iteration_02/artifacts/EQDSK_COCOS_02_POS_SOURCE_SIGNS.OUT
3,1.0,1.0,790491.5736,46101.0736,0.06193130299217951,1.7445803975759404e-05,9.591260086914678e-05,0.0,False,/pscratch/sd/j/joeschm/cheaseBS_runs/20260901_16-42-46-Te_ped_scale_1.100/iteration_03/artifacts,/pscratch/sd/j/joeschm/cheaseBS_runs/20260901_16-42-46-Te_ped_scale_1.100/iteration_03/artifacts/EQDSK_COCOS_02_POS_SOURCE_SIGNS.OUT
4,1.0,1.0,790553.8378,46163.33779999998,0.062014947530899416,2.7850348999725308e-05,9.737610138611987e-05,0.0,False,/pscratch/sd/j/joeschm/cheaseBS_runs/20260901_16-42-46-Te_ped_scale_1.100/iteration_04/artifacts,/pscratch/sd/j/joeschm/cheaseBS_runs/20260901_16-42-46-Te_ped_scale_1.100/iteration_04/artifacts/EQDSK_COCOS_02_POS_SOURCE_SIGNS.OUT
5,1.0,1.0,790575.9423,46185.442299999995,0.06204464229460209,3.972649417693044e-05,0.000111713647496612,0.0,False,/pscratch/sd/j/joeschm/cheaseBS_runs/20260901_16-42-46-Te_ped_scale_1.100/iteration_05/artifacts,/pscratch/sd/j/joeschm/cheaseBS_runs/20260901_16-42-46-Te_ped_scale_1.100/iteration_05/artifacts/EQDSK_COCOS_02_POS_SOURCE_SIGNS.OUT
6,1.0,1.0,790334.8234,45944.323399999994,0.06172072776318343,7.201066781254315e-05,0.0004130769774247423,0.0,False,/pscratch/sd/j/joeschm/cheaseBS_runs/20260901_16-42-46-Te_ped_scale_1.100/iteration_06/artifacts,/pscratch/sd/j/joeschm/cheaseBS_runs/20260901_16-42-46-Te_ped_scale_1.100/iteration_06/artifacts/EQDSK_COCOS_02_POS_SOURCE_SIGNS.OUT
7,1.0,1.0,790558.8611,46168.36109999998,0.06202169573631042,3.682912057224677e-05,0.00026029159887566445,0.0,False,/pscratch/sd/j/joeschm/cheaseBS_runs/20260901_16-42-46-Te_ped_scale_1.100/iteration_07/artifacts,/pscratch/sd/j/joeschm/cheaseBS_runs/20260901_16-42-46-Te_ped_scale_1.100/iteration_07/artifacts/EQDSK_COCOS_02_POS_SOURCE_SIGNS.OUT
8,1.0,1.0,790825.7907,46435.29070000001,0.062380283869823715,3.934363231360887e-05,0.0003154064754149753,0.0,False,/pscratch/sd/j/joeschm/cheaseBS_runs/20260901_16-42-46-Te_ped_scale_1.100/iteration_08/artifacts,/pscratch/sd/j/joeschm/cheaseBS_runs/20260901_16-42-46-Te_ped_scale_1.100/iteration_08/artifacts/EQDSK_COCOS_02_POS_SOURCE_SIGNS.OUT
9,1.0,1.0,793780.8953,49390.395299999975,0.06635011502699184,0.00024535262861958694,0.003908835872451668,0.0,False,/pscratch/sd/j/joeschm/cheaseBS_runs/20260901_16-42-46-Te_ped_scale_1.100/iteration_09/artifacts,/pscratch/sd/j/joeschm/cheaseBS_runs/20260901_16-42-46-Te_ped_scale_1.100/iteration_09/artifacts/EQDSK_COCOS_02_POS_SOURCE_SIGNS.OUT
10,1.0,1.0,793843.3243,49452.82429999998,0.06643398095488857,6.557774731579204e-05,0.00012884736500876117,0.0,False,/pscratch/sd/j/joeschm/cheaseBS_runs/20260901_16-42-46-Te_ped_scale_1.100/iteration_10/artifacts,/pscratch/sd/j/joeschm/cheaseBS_runs/20260901_16-42-46-Te_ped_scale_1.100/iteration_10/artifacts/EQDSK_COCOS_02_POS_SOURCE_SIGNS.OUT
11,1.0,1.0,793887.1769,49496.67689999996,0.06649289170133144,7.104539716197927e-05,0.000130322505098428,0.0,False,/pscratch/sd/j/joeschm/cheaseBS_runs/20260901_16-42-46-Te_ped_scale_1.100/iteration_11/artifacts,/pscratch/sd/j/joeschm/cheaseBS_runs/20260901_16-42-46-Te_ped_scale_1.100/iteration_11/artifacts/EQDSK_COCOS_02_POS_SOURCE_SIGNS.OUT
12,1.0,1.0,793897.6243,49507.124300000025,0.06650692653922911,7.748421529505033e-05,0.00014047089944456295,0.0,False,/pscratch/sd/j/joeschm/cheaseBS_runs/20260901_16-42-46-Te_ped_scale_1.100/iteration_12/artifacts,/pscratch/sd/j/joeschm/cheaseBS_runs/20260901_16-42-46-Te_ped_scale_1.100/iteration_12/artifacts/EQDSK_COCOS_02_POS_SOURCE_SIGNS.OUT
13,1.0,1.0,793827.46,49436.95999999996,0.06641266915684706,8.848011890168801e-05,0.00020173635580212205,0.0,False,/pscratch/sd/j/joeschm/cheaseBS_runs/20260901_16-42-46-Te_ped_scale_1.100/iteration_13/artifacts,/pscratch/sd/j/joeschm/cheaseBS_runs/20260901_16-42-46-Te_ped_scale_1.100/iteration_13/artifacts/EQDSK_COCOS_02_POS_SOURCE_SIGNS.OUT
14,1.0,1.0,792872.1802,48481.680199999944,0.06512936449350165,0.0001978599918816212,0.0013243959516914998,0.0,False,/pscratch/sd/j/joeschm/cheaseBS_runs/20260901_16-42-46-Te_ped_scale_1.100/iteration_14/artifacts,/pscratch/sd/j/joeschm/cheaseBS_runs/20260901_16-42-46-Te_ped_scale_1.100/iteration_14/artifacts/EQDSK_COCOS_02_POS_SOURCE_SIGNS.OUT
15,1.0,1.0,792799.2132,48408.7132,0.06503134201739544,8.56538129900298e-05,0.00029571298048737993,0.0,False,/pscratch/sd/j/joeschm/cheaseBS_runs/20260901_16-42-46-Te_ped_scale_1.100/iteration_15/artifacts,/pscratch/sd/j/joeschm/cheaseBS_runs/20260901_16-42-46-Te_ped_scale_1.100/iteration_15/artifacts/EQDSK_COCOS_02_POS_SOURCE_SIGNS.OUT
16,1.0,1.0,793139.1198,48748.619799999986,0.06548796606082424,5.602855743370027e-05,0.0004087593258566708,0.0,False,/pscratch/sd/j/joeschm/cheaseBS_runs/20260901_16-42-46-Te_ped_scale_1.100/iteration_16/artifacts,/pscratch/sd/j/joeschm/cheaseBS_runs/20260901_16-42-46-Te_ped_scale_1.100/iteration_16/artifacts/EQDSK_COCOS_02_POS_SOURCE_SIGNS.OUT
17,1.0,1.0,793496.3516,49105.85160000005,0.065967864447491,5.588280693073003e-05,0.00043035940528397175,0.0,False,/pscratch/sd/j/joeschm/cheaseBS_runs/20260901_16-42-46-Te_ped_scale_1.100/iteration_17/artifacts,/pscratch/sd/j/joeschm/cheaseBS_runs/20260901_16-42-46-Te_ped_scale_1.100/iteration_17/artifacts/EQDSK_COCOS_02_POS_SOURCE_SIGNS.OUT
18,1.0,1.0,793890.4105,49499.9105,0.0664972356578973,5.421192498933949e-05,0.0004758527047395401,0.0,False,/pscratch/sd/j/joeschm/cheaseBS_runs/20260901_16-42-46-Te_ped_scale_1.100/iteration_18/artifacts,/pscratch/sd/j/joeschm/cheaseBS_runs/20260901_16-42-46-Te_ped_scale_1.100/iteration_18/artifacts/EQDSK_COCOS_02_POS_SOURCE_SIGNS.OUT
19,1.0,1.0,794466.0912,50075.591200000024,0.06727059413036575,4.437232945688353e-05,0.0007052343768104369,0.0,False,/pscratch/sd/j/joeschm/cheaseBS_runs/20260901_16-42-46-Te_ped_scale_1.100/iteration_19/artifacts,/pscratch/sd/j/joeschm/cheaseBS_runs/20260901_16-42-46-Te_ped_scale_1.100/iteration_19/artifacts/EQDSK_COCOS_02_POS_SOURCE_SIGNS.OUT
20,1.0,1.0,794870.5038,50480.00379999995,0.06781387430387673,5.516081643094977e-05,0.0005010474287629129,0.0,False,/pscratch/sd/j/joeschm/cheaseBS_runs/20260901_16-42-46-Te_ped_scale_1.100/iteration_20/artifacts,/pscratch/sd/j/joeschm/cheaseBS_runs/20260901_16-42-46-Te_ped_scale_1.100/iteration_20/artifacts/EQDSK_COCOS_02_POS_SOURCE_SIGNS.OUT
21,1.0,1.0,794483.0612,50092.5612,0.06729339130469827,0.00013406023421159757,0.0005786398766109836,0.0,False,/pscratch/sd/j/joeschm/cheaseBS_runs/20260901_16-42-46-Te_ped_scale_1.100/iteration_21/artifacts,/pscratch/sd/j/joeschm/cheaseBS_runs/20260901_16-42-46-Te_ped_scale_1.100/iteration_21/artifacts/EQDSK_COCOS_02_POS_SOURCE_SIGNS.OUT
22,1.0,1.0,794769.0273,50378.52729999996,0.06767755270922984,6.238997222343284e-05,0.0003567008170598616,0.0,False,/pscratch/sd/j/joeschm/cheaseBS_runs/20260901_16-42-46-Te_ped_scale_1.100/iteration_22/artifacts,/pscratch/sd/j/joeschm/cheaseBS_runs/20260901_16-42-46-Te_ped_scale_1.100/iteration_22/artifacts/EQDSK_COCOS_02_POS_SOURCE_SIGNS.OUT
23,1.0,1.0,795151.0002,50760.50020000001,0.06819068781775159,5.6518945735641306e-05,0.0004790710383131329,0.0,False,/pscratch/sd/j/joeschm/cheaseBS_runs/20260901_16-42-46-Te_ped_scale_1.100/iteration_23/artifacts,/pscratch/sd/j/joeschm/cheaseBS_runs/20260901_16-42-46-Te_ped_scale_1.100/iteration_23/artifacts/EQDSK_COCOS_02_POS_SOURCE_SIGNS.OUT
24,1.0,1.0,794765.2875,50374.78749999998,0.06767252873323877,0.00012999003108607888,0.0005670727270571795,0.0,False,/pscratch/sd/j/joeschm/cheaseBS_runs/20260901_16-42-46-Te_ped_scale_1.100/iteration_24/artifacts,/pscratch/sd/j/joeschm/cheaseBS_runs/20260901_16-42-46-Te_ped_scale_1.100/iteration_24/artifacts/EQDSK_COCOS_02_POS_SOURCE_SIGNS.OUT
25,1.0,1.0,796180.3789,51789.87890000001,0.06957353553007461,6.081124881249805e-05,0.0018232650680191113,0.0,False,/pscratch/sd/j/joeschm/cheaseBS_runs/20260901_16-42-46-Te_ped_scale_1.100/iteration_25/artifacts,/pscratch/sd/j/joeschm/cheaseBS_runs/20260901_16-42-46-Te_ped_scale_1.100/iteration_25/artifacts/EQDSK_COCOS_02_POS_SOURCE_SIGNS.OUT
26,1.0,1.0,797031.6895,52641.18949999998,0.07071716995313612,6.344547485088162e-05,0.0010750174159981252,0.0,False,/pscratch/sd/j/joeschm/cheaseBS_runs/20260901_16-42-46-Te_ped_scale_1.100/iteration_26/artifacts,/pscratch/sd/j/joeschm/cheaseBS_runs/20260901_16-42-46-Te_ped_scale_1.100/iteration_26/artifacts/EQDSK_COCOS_02_POS_SOURCE_SIGNS.OUT
27,1.0,1.0,797125.5649,52735.0649,0.07084328037501822,7.799442592595438e-05,0.00014923635937568784,0.0,False,/pscratch/sd/j/joeschm/cheaseBS_runs/20260901_16-42-46-Te_ped_scale_1.100/iteration_27/artifacts,/pscratch/sd/j/joeschm/cheaseBS_runs/20260901_16-42-46-Te_ped_scale_1.100/iteration_27/artifacts/EQDSK_COCOS_02_POS_SOURCE_SIGNS.OUT
28,1.0,1.0,797214.7841,52824.28410000005,0.07096313574662767,7.770594669194855e-05,0.00014539834785792194,0.0,False,/pscratch/sd/j/joeschm/cheaseBS_runs/20260901_16-42-46-Te_ped_scale_1.100/iteration_28/artifacts,/pscratch/sd/j/joeschm/cheaseBS_runs/20260901_16-42-46-Te_ped_scale_1.100/iteration_28/artifacts/EQDSK_COCOS_02_POS_SOURCE_SIGNS.OUT
29,1.0,1.0,797298.7633,52908.26329999999,0.07107595180217909,7.735965893389878e-05,0.00014127405584836442,0.0,False,/pscratch/sd/j/joeschm/cheaseBS_runs/20260901_16-42-46-Te_ped_scale_1.100/iteration_29/artifacts,/pscratch/sd/j/joeschm/cheaseBS_runs/20260901_16-42-46-Te_ped_scale_1.100/iteration_29/artifacts/EQDSK_COCOS_02_POS_SOURCE_SIGNS.OUT
30,1.0,1.0,797376.7383,52986.23829999997,0.07118070192996817,7.704336894058391e-05,0.00013683447422642724,0.0,False,/pscratch/sd/j/joeschm/cheaseBS_runs/20260901_16-42-46-Te_ped_scale_1.100/iteration_30/artifacts,/pscratch/sd/j/joeschm/cheaseBS_runs/20260901_16-42-46-Te_ped_scale_1.100/iteration_30/artifacts/EQDSK_COCOS_02_POS_SOURCE_SIGNS.OUT
31,1.0,1.0,797447.6686,53057.168599999975,0.07127598834214029,7.679320057675805e-05,0.00013208536254729911,0.0,False,/pscratch/sd/j/joeschm/cheaseBS_runs/20260901_16-42-46-Te_ped_scale_1.100/iteration_31/artifacts,/pscratch/sd/j/joeschm/cheaseBS_runs/20260901_16-42-46-Te_ped_scale_1.100/iteration_31/artifacts/EQDSK_COCOS_02_POS_SOURCE_SIGNS.OUT
32,1.0,1.0,797510.0377,53119.537699999986,0.07135977380151948,7.662878119636337e-05,0.00012710092516133822,0.0,False,/pscratch/sd/j/joeschm/cheaseBS_runs/20260901_16-42-46-Te_ped_scale_1.100/iteration_32/artifacts,/pscratch/sd/j/joeschm/cheaseBS_runs/20260901_16-42-46-Te_ped_scale_1.100/iteration_32/artifacts/EQDSK_COCOS_02_POS_SOURCE_SIGNS.OUT
33,1.0,1.0,797561.5029,53171.00289999996,0.07142891116960784,7.671460759831033e-05,0.00012213415553334326,0.0,False,/pscratch/sd/j/joeschm/cheaseBS_runs/20260901_16-42-46-Te_ped_scale_1.100/iteration_33/artifacts,/pscratch/sd/j/joeschm/cheaseBS_runs/20260901_16-42-46-Te_ped_scale_1.100/iteration_33/artifacts/EQDSK_COCOS_02_POS_SOURCE_SIGNS.OUT
34,1.0,1.0,797598.0496,53207.54960000003,0.07147800730933566,7.715373764451563e-05,0.00011814226632397628,0.0,False,/pscratch/sd/j/joeschm/cheaseBS_runs/20260901_16-42-46-Te_ped_scale_1.100/iteration_34/artifacts,/pscratch/sd/j/joeschm/cheaseBS_runs/20260901_16-42-46-Te_ped_scale_1.100/iteration_34/artifacts/EQDSK_COCOS_02_POS_SOURCE_SIGNS.OUT
35,1.0,1.0,797611.7111,53221.21109999996,0.07149635990787087,7.84733344007098e-05,0.00011868524682218535,0.0,False,/pscratch/sd/j/joeschm/cheaseBS_runs/20260901_16-42-46-Te_ped_scale_1.100/iteration_35/artifacts,/pscratch/sd/j/joeschm/cheaseBS_runs/20260901_16-42-46-Te_ped_scale_1.100/iteration_35/artifacts/EQDSK_COCOS_02_POS_SOURCE_SIGNS.OUT
36,1.0,1.0,797581.7633,53191.26329999999,0.0714561286045429,8.203970896957579e-05,0.00013971743085507604,0.0,False,/pscratch/sd/j/joeschm/cheaseBS_runs/20260901_16-42-46-Te_ped_scale_1.100/iteration_36/artifacts,/pscratch/sd/j/joeschm/cheaseBS_runs/20260901_16-42-46-Te_ped_scale_1.100/iteration_36/artifacts/EQDSK_COCOS_02_POS_SOURCE_SIGNS.OUT
37,1.0,1.0,797406.6037,53016.10369999998,0.07122082253870782,9.731225477540063e-05,0.0002919088890742496,0.0,False,/pscratch/sd/j/joeschm/cheaseBS_runs/20260901_16-42-46-Te_ped_scale_1.100/iteration_37/artifacts,/pscratch/sd/j/joeschm/cheaseBS_runs/20260901_16-42-46-Te_ped_scale_1.100/iteration_37/artifacts/EQDSK_COCOS_02_POS_SOURCE_SIGNS.OUT
38,1.0,1.0,798028.742,53638.24199999997,0.07205659126493416,4.712512677347881e-05,0.000781756174925707,0.0,False,/pscratch/sd/j/joeschm/cheaseBS_runs/20260901_16-42-46-Te_ped_scale_1.100/iteration_38/artifacts,/pscratch/sd/j/joeschm/cheaseBS_runs/20260901_16-42-46-Te_ped_scale_1.100/iteration_38/artifacts/EQDSK_COCOS_02_POS_SOURCE_SIGNS.OUT
39,1.0,1.0,798047.4636,53656.96360000002,0.07208174150529865,7.339405811206824e-05,0.00010971759251419943,0.0,False,/pscratch/sd/j/joeschm/cheaseBS_runs/20260901_16-42-46-Te_ped_scale_1.100/iteration_39/artifacts,/pscratch/sd/j/joeschm/cheaseBS_runs/20260901_16-42-46-Te_ped_scale_1.100/iteration_39/artifacts/EQDSK_COCOS_02_POS_SOURCE_SIGNS.OUT
40,1.0,1.0,798042.5407,53652.04070000001,0.07207512817533272,7.469945569374282e-05,0.00011560016076279672,0.0,False,/pscratch/sd/j/joeschm/cheaseBS_runs/20260901_16-42-46-Te_ped_scale_1.100/iteration_40/artifacts,/pscratch/sd/j/joeschm/cheaseBS_runs/20260901_16-42-46-Te_ped_scale_1.100/iteration_40/artifacts/EQDSK_COCOS_02_POS_SOURCE_SIGNS.OUT
41,1.0,1.0,797995.4318,53604.93180000002,0.07201184297757698,7.816659606473038e-05,0.00014374665391923887,0.0,False,/pscratch/sd/j/joeschm/cheaseBS_runs/20260901_16-42-46-Te_ped_scale_1.100/iteration_41/artifacts,/pscratch/sd/j/joeschm/cheaseBS_runs/20260901_16-42-46-Te_ped_scale_1.100/iteration_41/artifacts/EQDSK_COCOS_02_POS_SOURCE_SIGNS.OUT
42,1.0,1.0,797828.6728,53438.17279999994,0.07178782211755784,9.0659940324588e-05,0.00027375245373235295,0.0,False,/pscratch/sd/j/joeschm/cheaseBS_runs/20260901_16-42-46-Te_ped_scale_1.100/iteration_42/artifacts,/pscratch/sd/j/joeschm/cheaseBS_runs/20260901_16-42-46-Te_ped_scale_1.100/iteration_42/artifacts/EQDSK_COCOS_02_POS_SOURCE_SIGNS.OUT
43,1.0,1.0,798956.1363,54565.63630000001,0.07330243507943748,9.716553342211328e-05,0.0014394100840613982,0.0,False,/pscratch/sd/j/joeschm/cheaseBS_runs/20260901_16-42-46-Te_ped_scale_1.100/iteration_43/artifacts,/pscratch/sd/j/joeschm/cheaseBS_runs/20260901_16-42-46-Te_ped_scale_1.100/iteration_43/artifacts/EQDSK_COCOS_02_POS_SOURCE_SIGNS.OUT
44,1.0,1.0,798989.1668,54598.666800000006,0.07334680762314942,6.628750535919977e-05,9.922545978020272e-05,0.0,False,/pscratch/sd/j/joeschm/cheaseBS_runs/20260901_16-42-46-Te_ped_scale_1.100/iteration_44/artifacts,/pscratch/sd/j/joeschm/cheaseBS_runs/20260901_16-42-46-Te_ped_scale_1.100/iteration_44/artifacts/EQDSK_COCOS_02_POS_SOURCE_SIGNS.OUT
45,1.0,1.0,799003.193,54612.69299999997,0.07336565015270878,6.733638285269783e-05,9.772555865679624e-05,0.0,False,/pscratch/sd/j/joeschm/cheaseBS_runs/20260901_16-42-46-Te_ped_scale_1.100/iteration_45/artifacts,/pscratch/sd/j/joeschm/cheaseBS_runs/20260901_16-42-46-Te_ped_scale_1.100/iteration_45/artifacts/EQDSK_COCOS_02_POS_SOURCE_SIGNS.OUT
46,1.0,1.0,798985.5736,54595.0736,0.07334198058680223,6.989349357821215e-05,0.00010899042907735638,0.0,False,/pscratch/sd/j/joeschm/cheaseBS_runs/20260901_16-42-46-Te_ped_scale_1.100/iteration_46/artifacts,/pscratch/sd/j/joeschm/cheaseBS_runs/20260901_16-42-46-Te_ped_scale_1.100/iteration_46/artifacts/EQDSK_COCOS_02_POS_SOURCE_SIGNS.OUT
47,1.0,1.0,798899.436,54508.93599999999,0.07322626497785771,7.724676912464623e-05,0.00016931808972235572,0.0,False,/pscratch/sd/j/joeschm/cheaseBS_runs/20260901_16-42-46-Te_ped_scale_1.100/iteration_47/artifacts,/pscratch/sd/j/joeschm/cheaseBS_runs/20260901_16-42-46-Te_ped_scale_1.100/iteration_47/artifacts/EQDSK_COCOS_02_POS_SOURCE_SIGNS.OUT
48,1.0,1.0,798482.2992,54091.79920000001,0.07266589135675429,0.0001220115268239024,0.0005769960226630494,0.0,False,/pscratch/sd/j/joeschm/cheaseBS_runs/20260901_16-42-46-Te_ped_scale_1.100/iteration_48/artifacts,/pscratch/sd/j/joeschm/cheaseBS_runs/20260901_16-42-46-Te_ped_scale_1.100/iteration_48/artifacts/EQDSK_COCOS_02_POS_SOURCE_SIGNS.OUT
49,1.0,,798911.218,54520.71799999999,0.07324209269194058,4.314493875154931e-05,0.0005352680272075059,,False,/pscratch/sd/j/joeschm/cheaseBS_runs/20260901_16-42-46-Te_ped_scale_1.100/iteration_49/artifacts,/pscratch/sd/j/joeschm/cheaseBS_runs/20260901_16-42-46-Te_ped_scale_1.100/iteration_49/artifacts/EQDSK_COCOS_02_POS_SOURCE_SIGNS.OUT
